{"cameraMode":{"drawMode":0,"name":"Shaded","section":"Shading Mode"},"sceneLighting":true,"audioPlay":false,"sceneViewState":{"showFog":true,"showMaterialUpdate":false,"showSkybox":true,"showFlares":true,"showImageEffects":true,"showParticleSystems":true},"in2DMode":false,"pivot":{"x":224.45672607421876,"y":-10.609691619873047,"z":283.46331787109377},"rotation":{"x":-0.06446486711502075,"y":0.9006565809249878,"z":-0.1433262825012207,"w":-0.4051280915737152},"size":57.379390716552737,"orthographic":false}